GUI: ,AR
Configuration: ,Config1

Start Time, Duration, Question, Response
47.30386, 1.300198, 2, 2
101.1076, 0.5310364, 4, 1
161.498, 0.7226105, 5, 3
186.1097, 1.036423, 10, 2
205.9557, 0.5286865, 1, 2

