GUI: ,AR
Configuration: ,Config1

Start Time, Duration, Question, Response
46.84122, 2.44038, 2, 3
101.7784, 1.262833, 4, 1
162.8982, 0.729599, 5, 2
187.5233, 2.289597, 10, 2
208.6137, 0.9204102, 1, 2

