GUI: ,RegularAR
Configuration: ,Config3

Start Time, Duration, Question, Response
29.13093, 5.793547, 1, 4
34.92475, 0.5761299, 2, 2
35.50115, 0.4615288, 3, 1
121.6708, 0.7325592, 4, 2
122.4036, 0.7365952, 5, 2
123.1404, 0.4032288, 6, 2
167.3442, 1.18071, 1, 4
168.5251, 2.104004, 2, 1
170.6294, 1.005096, 3, 3

