GUI: ,RegularAR
Configuration: ,Config1

Start Time, Duration, Question, Response
28.74109, 2.268131, 1, 1
31.00953, 0.9815788, 2, 1
31.99136, 1.776272, 3, 1
63.83557, 2.822136, 4, 2
66.65796, 3.12265, 5, 1
69.78085, 2.053825, 6, 2
120.482, 2.332253, 1, 4
122.8145, 1.539078, 2, 2
124.3539, 1.003258, 3, 2

